position,conservation_score,gene_context
1,1.0,gag
2,1.0,gag
3,1.0,gag
4,1.0,gag
5,1.0,gag
6,0.9183673469387755,gag
7,0.97,gag
8,1.0,gag
9,1.0,gag
10,1.0,gag
11,1.0,gag
12,1.0,gag
13,1.0,gag
14,1.0,gag
15,1.0,gag
16,1.0,gag
17,1.0,gag
18,1.0,gag
19,1.0,gag
20,1.0,gag
21,0.6666666666666666,gag
22,1.0,gag
23,1.0,gag
24,1.0,gag
25,1.0,gag
26,1.0,gag
27,0.99,gag
28,0.845360824742268,gag
29,0.95,gag
30,0.9489795918367347,gag
31,0.98989898989899,gag
32,1.0,gag
33,0.8969072164948454,gag
34,0.5520833333333334,gag
35,1.0,gag
36,1.0,gag
37,0.9591836734693877,gag
38,1.0,gag
39,1.0,gag
40,1.0,gag
41,0.9130434782608695,gag
42,0.979381443298969,gag
43,0.8484848484848485,gag
44,1.0,gag
45,1.0,gag
46,1.0,gag
47,0.9494949494949495,gag
48,0.9494949494949495,gag
49,0.98989898989899,gag
50,0.95,gag
51,0.7878787878787878,gag
52,0.99,gag
53,0.99,gag
54,0.7083333333333334,gag
55,0.8762886597938144,gag
56,0.8494623655913979,gag
57,0.9693877551020408,gag
58,1.0,gag
59,0.6458333333333334,gag
60,0.5454545454545454,gag
61,1.0,gag
62,1.0,gag
63,0.8723404255319149,gag
64,1.0,gag
65,1.0,gag
66,0.9797979797979798,gag
67,0.9285714285714286,gag
68,1.0,gag
69,0.8181818181818182,gag
70,0.9591836734693877,gag
71,1.0,gag
72,0.979381443298969,gag
73,1.0,gag
74,1.0,gag
75,0.7127659574468085,gag
76,1.0,gag
77,1.0,gag
78,1.0,gag
79,1.0,gag
80,1.0,gag
81,0.98,gag
82,1.0,gag
83,1.0,gag
84,1.0,gag
85,1.0,gag
86,1.0,gag
87,1.0,gag
88,1.0,gag
89,1.0,gag
90,0.9263157894736842,gag
91,0.99,gag
92,1.0,gag
93,0.979381443298969,gag
94,0.97,gag
95,1.0,gag
96,0.9166666666666666,gag
97,0.8585858585858586,gag
98,1.0,gag
99,0.97,gag
100,0.9897959183673469,gag
101,0.99,gag
102,0.9595959595959596,gag
103,0.99,gag
104,0.99,gag
105,0.6632653061224489,gag
106,0.9191919191919192,gag
107,1.0,gag
108,0.98,gag
109,0.8585858585858586,gag
110,0.9393939393939394,gag
111,0.97,gag
112,0.97,gag
113,1.0,gag
114,0.9578947368421052,gag
115,0.98989898989899,gag
116,0.98,gag
117,1.0,gag
118,1.0,gag
119,1.0,gag
120,0.8947368421052632,gag
121,1.0,gag
122,0.8787878787878788,gag
123,0.9693877551020408,gag
124,1.0,gag
125,1.0,gag
126,1.0,gag
127,1.0,gag
128,0.9591836734693877,gag
129,0.9797979797979798,gag
130,1.0,gag
131,1.0,gag
132,1.0,gag
133,1.0,gag
134,0.8979591836734694,gag
135,0.99,gag
136,0.98,gag
137,1.0,gag
138,0.8571428571428571,gag
139,1.0,gag
140,1.0,gag
141,1.0,gag
142,1.0,gag
143,1.0,gag
144,0.75,gag
145,1.0,gag
146,1.0,gag
147,1.0,gag
148,0.97,gag
149,1.0,gag
150,1.0,gag
151,1.0,gag
152,1.0,gag
153,0.96,gag
154,1.0,gag
155,1.0,gag
156,0.8333333333333334,gag
157,0.9797979797979798,gag
158,1.0,gag
159,0.98,gag
160,0.8787878787878788,gag
161,1.0,gag
162,0.967391304347826,gag
163,1.0,gag
164,0.97,gag
165,1.0,gag
166,1.0,gag
167,1.0,gag
168,0.9479166666666666,gag
169,1.0,gag
170,0.9191919191919192,gag
171,0.9690721649484536,gag
172,0.92,gag
173,1.0,gag
174,0.5204081632653061,gag
175,1.0,gag
176,1.0,gag
177,1.0,gag
178,1.0,gag
179,0.99,gag
180,0.8673469387755102,gag
181,0.8645833333333334,gag
182,1.0,gag
183,0.8494623655913979,gag
184,0.88,gag
185,1.0,gag
186,0.9693877551020408,gag
187,0.7446808510638298,gag
188,0.7446808510638298,gag
189,0.8617021276595744,gag
190,1.0,gag
191,1.0,gag
192,0.98,gag
193,1.0,gag
194,1.0,gag
195,0.99,gag
196,1.0,gag
197,1.0,gag
198,0.9393939393939394,gag
199,0.99,gag
200,0.979381443298969,gag
201,0.99,gag
202,1.0,gag
203,1.0,gag
204,0.8390804597701149,gag
205,0.99,gag
206,0.98989898989899,gag
207,0.9591836734693877,gag
208,1.0,gag
209,0.96,gag
210,0.9789473684210527,gag
211,0.8787878787878788,gag
212,0.8,gag
213,0.9191919191919192,gag
214,0.9696969696969697,gag
215,0.96,gag
216,0.9693877551020408,gag
217,0.93,gag
218,0.97,gag
219,0.9696969696969697,gag
220,0.898989898989899,gag
221,1.0,gag
222,1.0,gag
223,1.0,gag
224,1.0,gag
225,0.8736842105263158,gag
226,0.9191919191919192,gag
227,1.0,gag
228,0.9191919191919192,gag
229,0.9489795918367347,gag
230,1.0,gag
231,0.6526315789473685,gag
232,1.0,gag
233,1.0,gag
234,0.8631578947368421,gag
235,0.97,gag
236,0.98,gag
237,0.6666666666666666,gag
238,1.0,gag
239,1.0,gag
240,0.9183673469387755,gag
241,1.0,gag
242,1.0,gag
243,0.9795918367346939,gag
244,0.8556701030927835,gag
245,0.9191919191919192,gag
246,0.9494949494949495,gag
247,0.99,gag
248,0.99,gag
249,0.99,gag
250,0.9591836734693877,gag
251,1.0,gag
252,1.0,gag
253,0.9494949494949495,gag
254,1.0,gag
255,1.0,gag
256,1.0,gag
257,1.0,gag
258,0.8762886597938144,gag
259,1.0,gag
260,1.0,gag
261,0.8541666666666666,gag
262,1.0,gag
263,0.95,gag
264,0.8020833333333334,gag
265,0.6304347826086957,gag
266,0.88,gag
267,0.96875,gag
268,0.9191919191919192,gag
269,1.0,gag
270,0.98989898989899,gag
271,1.0,gag
272,1.0,gag
273,0.9489795918367347,gag
274,1.0,gag
275,0.99,gag
276,0.8163265306122449,gag
277,0.9489795918367347,gag
278,1.0,gag
279,0.9278350515463918,gag
280,1.0,gag
281,1.0,gag
282,0.9175257731958762,gag
283,1.0,gag
284,1.0,gag
285,0.6666666666666666,gag
286,1.0,gag
287,1.0,gag
288,0.9494949494949495,gag
289,0.9052631578947369,gag
290,1.0,gag
291,0.99,gag
292,1.0,gag
293,1.0,gag
294,0.99,gag
295,1.0,gag
296,1.0,gag
297,0.98,gag
298,1.0,gag
299,1.0,gag
300,0.9494949494949495,gag
301,1.0,gag
302,1.0,gag
303,0.8723404255319149,gag
304,0.98989898989899,gag
305,1.0,gag
306,0.9263157894736842,gag
307,0.9587628865979382,gag
308,1.0,gag
309,0.6701030927835051,gag
310,1.0,gag
311,1.0,gag
312,0.98,gag
313,0.9587628865979382,gag
314,1.0,gag
315,0.9183673469387755,gag
316,0.9795918367346939,gag
317,1.0,gag
318,1.0,gag
319,0.98,gag
320,1.0,gag
321,0.9387755102040817,gag
322,1.0,gag
323,1.0,gag
324,0.99,gag
325,1.0,gag
326,1.0,gag
327,0.9278350515463918,gag
328,0.99,gag
329,1.0,gag
330,0.98989898989899,gag
331,0.8585858585858586,gag
332,1.0,gag
333,0.8686868686868687,gag
334,1.0,gag
335,1.0,gag
336,0.968421052631579,gag
337,1.0,gag
338,1.0,gag
339,1.0,gag
340,1.0,gag
341,1.0,gag
342,0.8969072164948454,gag
343,0.99,gag
344,1.0,gag
345,1.0,gag
346,1.0,gag
347,1.0,gag
348,0.9595959595959596,gag
349,1.0,gag
350,1.0,gag
351,0.9090909090909091,gag
352,1.0,gag
353,1.0,gag
354,1.0,gag
355,1.0,gag
356,0.8673469387755102,gag
357,0.7422680412371134,gag
358,0.98,gag
359,1.0,gag
360,0.9484536082474226,gag
361,1.0,gag
362,0.9897959183673469,gag
363,0.9375,gag
364,1.0,gag
365,1.0,gag
366,0.9595959595959596,gag
367,1.0,gag
368,1.0,gag
369,1.0,gag
370,1.0,gag
371,1.0,gag
372,1.0,gag
373,0.9696969696969697,gag
374,1.0,gag
375,0.8854166666666666,gag
376,0.9484536082474226,gag
377,1.0,gag
378,0.99,gag
379,0.92,gag
380,0.9693877551020408,gag
381,0.9381443298969072,gag
382,1.0,gag
383,1.0,gag
384,0.5842696629213483,gag
385,1.0,gag
386,1.0,gag
387,0.96875,gag
388,0.98,gag
389,1.0,gag
390,1.0,gag
391,0.9285714285714286,gag
392,0.96,gag
393,0.9693877551020408,gag
394,1.0,gag
395,1.0,gag
396,0.9797979797979798,gag
397,0.9595959595959596,gag
398,1.0,gag
399,0.98,gag
400,0.99,gag
401,0.8888888888888888,gag
402,0.9797979797979798,gag
403,1.0,gag
404,0.6354166666666666,gag
405,0.94,gag
406,1.0,gag
407,1.0,gag
408,0.925531914893617,gag
409,1.0,gag
410,1.0,gag
411,0.99,gag
412,0.9042553191489362,gag
413,0.9393939393939394,gag
414,0.4842105263157895,gag
415,1.0,gag
416,1.0,gag
417,0.865979381443299,gag
418,0.7938144329896907,gag
419,1.0,gag
420,1.0,gag
421,1.0,gag
422,1.0,gag
423,0.7096774193548387,gag
424,1.0,gag
425,1.0,gag
426,0.8969072164948454,gag
427,1.0,gag
428,0.99,gag
429,0.9263157894736842,gag
430,1.0,gag
431,1.0,gag
432,0.94,gag
433,1.0,gag
434,1.0,gag
435,0.9894736842105263,gag
436,1.0,gag
437,1.0,gag
438,1.0,gag
439,0.6989247311827957,gag
440,0.99,gag
441,0.97,gag
442,1.0,gag
443,0.95,gag
444,0.9595959595959596,gag
445,1.0,gag
446,1.0,gag
447,0.9797979797979798,gag
448,1.0,gag
449,1.0,gag
450,0.9387755102040817,gag
451,1.0,gag
452,1.0,gag
453,1.0,gag
454,1.0,gag
455,1.0,gag
456,0.8494623655913979,gag
457,1.0,gag
458,1.0,gag
459,0.95,gag
460,1.0,gag
461,1.0,gag
462,0.9696969696969697,gag
463,1.0,gag
464,1.0,gag
465,0.9375,gag
466,1.0,gag
467,1.0,gag
468,0.8791208791208791,gag
469,1.0,gag
470,1.0,gag
471,0.9032258064516129,gag
472,1.0,gag
473,1.0,gag
474,0.96,gag
475,0.5416666666666666,gag
476,1.0,gag
477,1.0,gag
478,1.0,gag
479,1.0,gag
480,0.99,gag
481,1.0,gag
482,0.99,gag
483,0.8631578947368421,gag
484,1.0,gag
485,1.0,gag
486,1.0,gag
487,0.99,gag
488,0.9795918367346939,gag
489,0.9696969696969697,gag
490,1.0,gag
491,0.98,gag
492,0.96,gag
493,0.98,gag
494,1.0,gag
495,0.8229166666666666,gag
496,0.7777777777777778,gag
497,0.99,gag
498,0.8936170212765957,gag
499,0.95,gag
500,1.0,gag
501,0.9693877551020408,gag
502,0.9387755102040817,gag
503,0.8775510204081632,gag
504,0.9489795918367347,gag
505,0.95,gag
506,0.86,gag
507,0.7912087912087912,gag
508,1.0,gag
509,1.0,gag
510,1.0,gag
511,1.0,gag
512,1.0,gag
513,0.979381443298969,gag
514,1.0,gag
515,1.0,gag
516,0.8979591836734694,gag
517,0.8877551020408163,gag
518,1.0,gag
519,0.99,gag
520,0.92,gag
521,1.0,gag
522,0.9183673469387755,gag
523,1.0,gag
524,1.0,gag
525,0.9690721649484536,gag
526,0.99,gag
527,1.0,gag
528,0.9494949494949495,gag
529,1.0,gag
530,1.0,gag
531,0.8865979381443299,gag
532,1.0,gag
533,1.0,gag
534,0.9285714285714286,gag
535,1.0,gag
536,1.0,gag
537,0.8526315789473684,gag
538,1.0,gag
539,1.0,gag
540,1.0,gag
541,1.0,gag
542,0.99,gag
543,0.9489795918367347,gag
544,1.0,gag
545,1.0,gag
546,0.9693877551020408,gag
547,1.0,gag
548,1.0,gag
549,0.94,gag
550,1.0,gag
551,1.0,gag
552,0.95,gag
553,1.0,gag
554,1.0,gag
555,0.5918367346938775,gag
556,1.0,gag
557,1.0,gag
558,0.9595959595959596,gag
559,1.0,gag
560,1.0,gag
561,0.94,gag
562,1.0,gag
563,1.0,gag
564,0.7551020408163265,gag
565,0.9052631578947369,gag
566,1.0,gag
567,0.6770833333333334,gag
568,1.0,gag
569,1.0,gag
570,0.9595959595959596,gag
571,0.9795918367346939,gag
572,1.0,gag
573,0.97,gag
574,1.0,gag
575,1.0,gag
576,0.9693877551020408,gag
577,0.98989898989899,gag
578,1.0,gag
579,1.0,gag
580,1.0,gag
581,1.0,gag
582,0.9895833333333334,gag
583,1.0,gag
584,1.0,gag
585,0.9591836734693877,gag
586,1.0,gag
587,1.0,gag
588,0.9897959183673469,gag
589,0.95,gag
590,0.87,gag
591,0.99,gag
592,1.0,gag
593,1.0,gag
594,0.8181818181818182,gag
595,0.9693877551020408,gag
596,1.0,gag
597,0.9574468085106383,gag
598,0.8163265306122449,gag
599,0.98,gag
600,0.9381443298969072,gag
601,0.95,gag
602,0.96,gag
603,0.98989898989899,gag
604,1.0,gag
605,0.92,gag
606,0.6808510638297872,gag
607,1.0,gag
608,0.9587628865979382,gag
609,0.9494949494949495,gag
610,1.0,gag
611,1.0,gag
612,0.98,gag
613,0.92,gag
614,0.9797979797979798,gag
615,0.8877551020408163,gag
616,1.0,gag
617,1.0,gag
618,0.98989898989899,gag
619,0.9387755102040817,gag
620,1.0,gag
621,0.9183673469387755,gag
622,0.95,gag
623,1.0,gag
624,0.723404255319149,gag
625,1.0,gag
626,1.0,gag
627,0.97,gag
628,1.0,gag
629,1.0,gag
630,0.9797979797979798,gag
631,1.0,gag
632,1.0,gag
633,0.9387755102040817,gag
634,1.0,gag
635,1.0,gag
636,0.98989898989899,gag
637,1.0,gag
638,1.0,gag
639,0.98,gag
640,1.0,gag
641,1.0,gag
642,0.9693877551020408,gag
643,1.0,gag
644,0.99,gag
645,0.9595959595959596,gag
646,0.99,gag
647,1.0,gag
648,0.9795918367346939,gag
649,0.865979381443299,gag
650,1.0,gag
651,0.8854166666666666,gag
652,1.0,gag
653,1.0,gag
654,0.8631578947368421,gag
655,0.9484536082474226,gag
656,1.0,gag
657,0.9795918367346939,gag
658,0.7040816326530612,gag
659,0.98,gag
660,1.0,gag
661,0.9393939393939394,gag
662,1.0,gag
663,0.9285714285714286,gag
664,0.648936170212766,gag
665,0.7142857142857143,gag
666,0.7872340425531915,gag
667,1.0,gag
668,1.0,gag
669,0.8709677419354839,gag
670,1.0,gag
671,1.0,gag
672,0.9222222222222223,gag
673,1.0,gag
674,1.0,gag
675,0.7978723404255319,gag
676,1.0,gag
677,1.0,gag
678,0.9696969696969697,gag
679,1.0,gag
680,1.0,gag
681,1.0,gag
682,1.0,gag
683,1.0,gag
684,0.99,gag
685,1.0,gag
686,1.0,gag
687,0.94,gag
688,1.0,gag
689,1.0,gag
690,0.9484536082474226,gag
691,1.0,gag
692,1.0,gag
693,1.0,gag
694,1.0,gag
695,1.0,gag
696,0.9270833333333334,gag
697,1.0,gag
698,1.0,gag
699,0.9897959183673469,gag
700,0.9183673469387755,gag
701,0.5567010309278351,gag
702,0.9696969696969697,gag
703,1.0,gag
704,1.0,gag
705,0.92,gag
706,1.0,gag
707,1.0,gag
708,1.0,gag
709,0.9393939393939394,gag
710,0.898989898989899,gag
711,0.9393939393939394,gag
712,0.98,gag
713,0.94,gag
714,0.98,gag
715,1.0,gag
716,1.0,gag
717,0.98,gag
718,1.0,gag
719,1.0,gag
720,0.8924731182795699,gag
721,0.9696969696969697,gag
722,0.99,gag
723,0.94,gag
724,0.99,gag
725,1.0,gag
726,0.87,gag
727,1.0,gag
728,1.0,gag
729,0.94,gag
730,0.99,gag
731,0.99,gag
732,0.9375,gag
733,1.0,gag
734,1.0,gag
735,0.8969072164948454,gag
736,1.0,gag
737,1.0,gag
738,1.0,gag
739,1.0,gag
740,1.0,gag
741,0.8484848484848485,gag
742,0.99,gag
743,1.0,gag
744,0.6914893617021277,gag
745,1.0,gag
746,1.0,gag
747,0.9489795918367347,gag
748,0.98,gag
749,0.98,gag
750,0.89,gag
751,1.0,gag
752,1.0,gag
753,0.9595959595959596,gag
754,1.0,gag
755,1.0,gag
756,1.0,gag
757,1.0,gag
758,1.0,gag
759,0.92,gag
760,1.0,gag
761,1.0,gag
762,0.95,gag
763,1.0,gag
764,1.0,gag
765,0.98,gag
766,1.0,gag
767,1.0,gag
768,0.98,gag
769,0.9696969696969697,gag
770,1.0,gag
771,1.0,gag
772,0.99,gag
773,1.0,gag
774,0.99,gag
775,1.0,gag
776,1.0,gag
777,0.8080808080808081,gag
778,1.0,gag
779,1.0,gag
780,0.89,gag
781,0.5773195876288659,gag
782,0.6836734693877551,gag
783,0.9795918367346939,gag
784,1.0,gag
785,1.0,gag
786,0.98989898989899,gag
787,1.0,gag
788,1.0,gag
789,1.0,gag
790,0.9494949494949495,gag
791,0.8775510204081632,gag
792,0.9897959183673469,gag
793,1.0,gag
794,0.9191919191919192,gag
795,0.9897959183673469,gag
796,1.0,gag
797,1.0,gag
798,0.9393939393939394,gag
799,0.92,gag
800,1.0,gag
801,0.9587628865979382,gag
802,0.9897959183673469,gag
803,0.98,gag
804,0.9090909090909091,gag
805,1.0,gag
806,1.0,gag
807,0.9595959595959596,gag
808,1.0,gag
809,1.0,gag
810,0.9795918367346939,gag
811,0.99,gag
812,0.99,gag
813,0.5625,gag
814,0.7040816326530612,gag
815,0.9278350515463918,gag
816,0.99,gag
817,0.5353535353535354,gag
818,0.8787878787878788,gag
819,0.9595959595959596,gag
820,0.9797979797979798,gag
821,1.0,gag
822,0.898989898989899,gag
823,1.0,gag
824,1.0,gag
825,1.0,gag
826,1.0,gag
827,0.9494949494949495,gag
828,0.7448979591836735,gag
829,0.8061224489795918,gag
830,1.0,gag
831,0.99,gag
832,0.8787878787878788,gag
833,0.95,gag
834,0.7676767676767676,gag
835,1.0,gag
836,1.0,gag
837,0.96,gag
838,0.99,gag
839,0.8585858585858586,gag
840,0.94,gag
841,1.0,gag
842,1.0,gag
843,0.9795918367346939,gag
844,1.0,gag
845,1.0,gag
846,0.9157894736842105,gag
847,0.5,gag
848,1.0,gag
849,0.9381443298969072,gag
850,1.0,gag
851,1.0,gag
852,1.0,gag
853,1.0,gag
854,1.0,gag
855,0.9696969696969697,gag
856,1.0,gag
857,1.0,gag
858,0.84375,gag
859,0.9693877551020408,gag
860,0.9494949494949495,gag
861,0.9897959183673469,gag
862,1.0,gag
863,1.0,gag
864,0.9175257731958762,gag
865,1.0,gag
866,0.8484848484848485,gag
867,0.9680851063829787,gag
868,1.0,gag
869,1.0,gag
870,0.9387755102040817,gag
871,1.0,gag
872,1.0,gag
873,0.82,gag
874,0.9690721649484536,gag
875,1.0,gag
876,0.9797979797979798,gag
877,0.99,gag
878,1.0,gag
879,0.9387755102040817,gag
880,1.0,gag
881,1.0,gag
882,1.0,gag
883,0.97,gag
884,0.9693877551020408,gag
885,0.90625,gag
886,0.94,gag
887,1.0,gag
888,0.9791666666666666,gag
889,1.0,gag
890,1.0,gag
891,0.8585858585858586,gag
892,0.99,gag
893,1.0,gag
894,0.9696969696969697,gag
895,0.97,gag
896,0.87,gag
897,0.9696969696969697,gag
898,0.99,gag
899,0.99,gag
900,0.8762886597938144,gag
901,0.8585858585858586,gag
902,1.0,gag
903,1.0,gag
904,0.94,gag
905,0.97,gag
906,0.5684210526315789,gag
907,0.97,gag
908,1.0,gag
909,0.6063829787234043,gag
910,0.9393939393939394,gag
911,1.0,gag
912,0.9795918367346939,gag
913,1.0,gag
914,1.0,gag
915,0.9393939393939394,gag
916,0.9090909090909091,gag
917,0.9,gag
918,0.8969072164948454,gag
919,0.9292929292929293,gag
920,1.0,gag
921,0.8958333333333334,gag
922,0.8775510204081632,gag
923,1.0,gag
924,0.6082474226804123,gag
925,0.99,gag
926,0.9191919191919192,gag
927,0.6363636363636364,gag
928,0.99,gag
929,0.78125,gag
930,0.7157894736842105,gag
931,0.99,gag
932,0.98,gag
933,0.98,gag
934,1.0,gag
935,1.0,gag
936,0.9183673469387755,gag
937,0.7676767676767676,gag
938,1.0,gag
939,0.8279569892473119,gag
940,0.72,gag
941,0.7272727272727273,gag
942,0.9489795918367347,gag
943,1.0,gag
944,1.0,gag
945,0.96,gag
946,1.0,gag
947,1.0,gag
948,0.9797979797979798,gag
949,1.0,gag
950,1.0,gag
951,0.7878787878787878,gag
952,0.85,gag
953,0.96,gag
954,0.8787878787878788,gag
955,1.0,gag
956,1.0,gag
957,0.84375,gag
958,0.97,gag
959,1.0,gag
960,0.98,gag
961,1.0,gag
962,1.0,gag
963,0.95,gag
964,0.9595959595959596,gag
965,0.99,gag
966,0.9375,gag
967,1.0,gag
968,1.0,gag
969,0.98,gag
970,0.99,gag
971,0.8865979381443299,gag
972,0.8686868686868687,gag
973,1.0,gag
974,1.0,gag
975,0.9690721649484536,gag
976,0.96,gag
977,1.0,gag
978,0.9175257731958762,gag
979,1.0,gag
980,0.845360824742268,gag
981,0.8775510204081632,gag
982,1.0,gag
983,1.0,gag
984,1.0,gag
985,1.0,gag
986,1.0,gag
987,1.0,gag
988,1.0,gag
989,1.0,gag
990,0.9285714285714286,gag
991,1.0,gag
992,1.0,gag
993,0.9896907216494846,gag
994,1.0,gag
995,1.0,gag
996,0.96,gag
997,1.0,gag
998,1.0,gag
999,0.97,gag
1000,1.0,gag
1001,1.0,gag
1002,1.0,gag
1003,1.0,gag
1004,0.99,gag
1005,0.9595959595959596,gag
1006,1.0,gag
1007,1.0,gag
1008,0.97,gag
1009,1.0,gag
1010,0.98989898989899,gag
1011,0.8979591836734694,gag
1012,1.0,gag
1013,1.0,gag
1014,1.0,gag
1015,1.0,gag
1016,0.98,gag
1017,0.99,gag
1018,0.98,gag
1019,1.0,gag
1020,0.9696969696969697,gag
1021,1.0,gag
1022,1.0,gag
1023,0.93,gag
1024,0.99,gag
1025,0.99,gag
1026,0.9139784946236559,gag
1027,0.9693877551020408,gag
1028,1.0,gag
1029,0.98,gag
1030,0.9166666666666666,gag
1031,0.9696969696969697,gag
1032,0.9387755102040817,gag
1033,0.9157894736842105,gag
1034,1.0,gag
1035,0.8210526315789474,gag
1036,1.0,gag
1037,1.0,gag
1038,1.0,gag
1039,1.0,gag
1040,1.0,gag
1041,0.8617021276595744,gag
1042,1.0,gag
1043,1.0,gag
1044,0.8,gag
1045,1.0,gag
1046,1.0,gag
1047,0.7659574468085106,gag
1048,0.99,gag
1049,0.97,gag
1050,0.9595959595959596,gag
1051,1.0,gag
1052,1.0,gag
1053,1.0,gag
1054,0.97,gag
1055,1.0,gag
1056,0.9897959183673469,gag
1057,1.0,gag
1058,1.0,gag
1059,0.94,gag
1060,1.0,gag
1061,1.0,gag
1062,1.0,gag
1063,1.0,gag
1064,1.0,gag
1065,0.9157894736842105,gag
1066,1.0,gag
1067,1.0,gag
1068,1.0,gag
1069,1.0,gag
1070,1.0,gag
1071,0.8969072164948454,gag
1072,1.0,gag
1073,1.0,gag
1074,0.96,gag
1075,0.9690721649484536,gag
1076,1.0,gag
1077,0.9797979797979798,gag
1078,1.0,gag
1079,1.0,gag
1080,0.99,gag
1081,1.0,gag
1082,1.0,gag
1083,1.0,gag
1084,1.0,gag
1085,1.0,gag
1086,0.9473684210526315,gag
1087,0.9270833333333334,gag
1088,1.0,gag
1089,0.98989898989899,gag
1090,1.0,gag
1091,1.0,gag
1092,0.8585858585858586,gag
1093,1.0,gag
1094,1.0,gag
1095,1.0,gag
1096,1.0,gag
1097,1.0,gag
1098,0.9,gag
1099,1.0,gag
1100,1.0,gag
1101,0.93,gag
1102,1.0,gag
1103,1.0,gag
1104,0.8979591836734694,gag
1105,1.0,gag
1106,1.0,gag
1107,0.95,gag
1108,1.0,gag
1109,1.0,gag
1110,0.8673469387755102,gag
1111,0.81,gag
1112,0.9696969696969697,gag
1113,0.98,gag
1114,1.0,gag
1115,1.0,gag
1116,0.8144329896907216,gag
1117,1.0,gag
1118,1.0,gag
1119,0.8631578947368421,gag
1120,0.98989898989899,gag
1121,0.92,gag
1122,0.875,gag
1123,0.94,gag
1124,0.97,gag
1125,0.9175257731958762,gag
1126,1.0,gag
1127,0.5212765957446809,gag
1128,0.8673469387755102,gag
1129,0.98,gag
1130,1.0,gag
1131,0.8,gag
1132,0.9587628865979382,gag
1133,0.99,gag
1134,0.65625,gag
1135,1.0,gag
1136,1.0,gag
1137,0.8367346938775511,gag
1138,1.0,gag
1139,0.9595959595959596,gag
1140,0.9591836734693877,gag
1141,1.0,gag
1142,1.0,gag
1143,0.9387755102040817,gag
1144,0.86,gag
1145,1.0,gag
1146,0.9797979797979798,gag
1147,1.0,gag
1148,0.99,gag
1149,0.9484536082474226,gag
1150,1.0,gag
1151,1.0,gag
1152,0.7340425531914894,gag
1153,0.53125,gag
1154,1.0,gag
1155,0.9494949494949495,gag
1156,1.0,gag
1157,1.0,gag
1158,0.8969072164948454,gag
1159,0.99,gag
1160,0.98989898989899,gag
1161,0.93,gag
1162,0.8877551020408163,gag
1163,1.0,gag
1164,0.9896907216494846,gag
1165,1.0,gag
1166,1.0,gag
1167,0.99,gag
1168,1.0,gag
1169,1.0,gag
1170,0.8709677419354839,gag
1171,0.96,gag
1172,1.0,gag
1173,0.9797979797979798,gag
1174,0.9166666666666666,gag
1175,1.0,gag
1176,0.9393939393939394,gag
1177,0.8979591836734694,gag
1178,0.98,gag
1179,0.95,gag
1180,0.9693877551020408,gag
1181,1.0,gag
1182,0.7272727272727273,gag
1183,1.0,gag
1184,1.0,gag
1185,0.92,gag
1186,0.9591836734693877,gag
1187,0.9292929292929293,gag
1188,0.9897959183673469,gag
1189,1.0,gag
1190,1.0,gag
1191,0.9494949494949495,gag
1192,1.0,gag
1193,1.0,gag
1194,1.0,gag
1195,1.0,gag
1196,1.0,gag
1197,0.9285714285714286,gag
1198,0.9489795918367347,gag
1199,1.0,gag
1200,1.0,gag
1201,1.0,gag
1202,1.0,gag
1203,0.9795918367346939,gag
1204,0.9354838709677419,gag
1205,1.0,gag
1206,0.8854166666666666,gag
1207,1.0,gag
1208,1.0,gag
1209,0.9393939393939394,gag
1210,1.0,gag
1211,1.0,gag
1212,0.78125,gag
1213,1.0,gag
1214,1.0,gag
1215,0.9468085106382979,gag
1216,1.0,gag
1217,1.0,gag
1218,0.8673469387755102,gag
1219,1.0,gag
1220,0.98989898989899,gag
1221,0.9595959595959596,gag
1222,1.0,gag
1223,1.0,gag
1224,0.9693877551020408,gag
1225,0.9270833333333334,gag
1226,1.0,gag
1227,0.9690721649484536,gag
1228,0.9895833333333334,gag
1229,0.9270833333333334,gag
1230,0.9270833333333334,gag
1231,0.979381443298969,gag
1232,1.0,gag
1233,0.9479166666666666,gag
1234,0.96875,gag
1235,0.9896907216494846,gag
1236,0.9690721649484536,gag
1237,0.979381443298969,gag
1238,0.9789473684210527,gag
1239,1.0,gag
1240,1.0,gag
1241,1.0,gag
1242,1.0,gag
1243,1.0,gag
1244,1.0,gag
1245,0.6777777777777778,gag
1246,1.0,gag
1247,0.8369565217391305,gag
1248,0.9139784946236559,gag
1249,1.0,gag
1250,0.956989247311828,gag
1251,0.967032967032967,gag
1252,1.0,gag
1253,1.0,gag
1254,1.0,gag
1255,1.0,gag
1256,1.0,gag
1257,0.797752808988764,gag
1258,0.9891304347826086,gag
1259,1.0,gag
1260,0.9222222222222223,gag
1261,0.9565217391304348,gag
1262,1.0,gag
1263,0.9662921348314607,gag
1264,1.0,gag
1265,1.0,gag
1266,0.967032967032967,gag
1267,0.9891304347826086,gag
1268,1.0,gag
1269,0.7176470588235294,gag
1270,0.9,gag
1271,1.0,gag
1272,0.7058823529411765,gag
1273,0.9555555555555556,gag
1274,0.989010989010989,gag
1275,1.0,gag
1276,1.0,gag
1277,1.0,gag
1278,0.8764044943820225,gag
1279,1.0,gag
1280,1.0,gag
1281,0.9647058823529412,gag
1282,0.9550561797752809,gag
1283,1.0,gag
1284,1.0,gag
1285,1.0,gag
1286,1.0,gag
1287,0.9294117647058824,gag
1288,1.0,gag
1289,1.0,gag
1290,0.8607594936708861,gag
1291,1.0,gag
1292,1.0,gag
1293,0.8382352941176471,gag
1294,1.0,gag
1295,0.9565217391304348,gag
1296,0.7941176470588235,gag
1297,0.5,gag
1298,0.9705882352941176,gag
1299,0.8235294117647058,gag
1300,0.9552238805970149,gag
1301,0.8507462686567164,gag
1302,0.7384615384615385,gag
1303,1.0,gag
1304,1.0,gag
1305,0.9354838709677419,gag
1306,1.0,gag
1307,1.0,gag
1308,1.0,gag
1309,1.0,gag
1310,1.0,gag
1311,0.9838709677419355,gag
1312,1.0,gag
1313,1.0,gag
1314,0.873015873015873,gag
1315,1.0,gag
1316,1.0,gag
1317,1.0,gag
1318,1.0,gag
1319,1.0,gag
1320,0.9836065573770492,gag
1321,1.0,gag
1322,0.9636363636363636,gag
1323,0.7735849056603774,gag
1324,1.0,gag
1325,0.9803921568627451,gag
1326,1.0,gag
1327,1.0,gag
1328,1.0,gag
1329,0.8636363636363636,gag
1330,1.0,gag
1331,0.9574468085106383,gag
1332,0.9565217391304348,gag
1333,1.0,gag
1334,0.9782608695652174,gag
1335,0.7857142857142857,gag
1336,1.0,gag
1337,1.0,gag
1338,0.8717948717948718,gag
1339,1.0,gag
1340,0.9333333333333333,gag
1341,0.8809523809523809,gag
1342,0.9555555555555556,gag
1343,1.0,gag
1344,0.9347826086956522,gag
1345,1.0,gag
1346,1.0,gag
1347,0.8888888888888888,gag
1348,1.0,gag
1349,1.0,gag
1350,0.9782608695652174,gag
1351,1.0,gag
1352,1.0,gag
1353,0.6046511627906976,gag
1354,1.0,gag
1355,1.0,gag
1356,0.8181818181818182,gag
1357,1.0,gag
1358,1.0,gag
1359,1.0,gag
1360,1.0,gag
1361,1.0,gag
1362,1.0,gag
1363,1.0,gag
1364,1.0,gag
1365,0.9767441860465116,gag
1366,1.0,gag
1367,0.7555555555555555,gag
1368,0.9333333333333333,gag
1369,1.0,gag
1370,0.9302325581395349,gag
1371,0.8409090909090909,gag
1372,0.9047619047619048,gag
1373,0.9555555555555556,gag
1374,0.9111111111111111,gag
1375,1.0,gag
1376,0.9777777777777777,gag
1377,0.9777777777777777,gag
1378,1.0,gag
1379,1.0,gag
1380,1.0,gag
1381,1.0,gag
1382,1.0,gag
1383,0.9777777777777777,gag
1384,1.0,gag
1385,1.0,gag
1386,0.9777777777777777,gag
1387,1.0,gag
1388,1.0,gag
1389,1.0,gag
1390,0.9318181818181818,gag
1391,1.0,gag
1392,0.9555555555555556,gag
1393,1.0,gag
1394,0.8604651162790697,gag
1395,0.9772727272727273,gag
1396,1.0,gag
1397,1.0,gag
1398,0.9777777777777777,gag
1399,0.9111111111111111,gag
1400,1.0,gag
1401,1.0,gag
1402,0.9545454545454546,gag
1403,0.9777777777777777,gag
1404,1.0,gag
1405,1.0,gag
1406,1.0,gag
1407,0.9318181818181818,gag
1408,1.0,gag
1409,0.8837209302325582,gag
1410,1.0,gag
1411,1.0,gag
1412,1.0,gag
1413,0.9545454545454546,gag
1414,1.0,gag
1415,1.0,gag
1416,0.9534883720930233,gag
1417,1.0,gag
1418,1.0,gag
1419,0.9761904761904762,gag
1420,0.9545454545454546,gag
1421,1.0,gag
1422,1.0,gag
1423,0.7619047619047619,gag
1424,0.9555555555555556,gag
1425,0.775,gag
1426,0.46511627906976744,gag
1427,0.8222222222222222,gag
1428,0.6590909090909091,gag
1429,1.0,gag
1430,1.0,gag
1431,0.9302325581395349,gag
1432,0.9090909090909091,gag
1433,1.0,gag
1434,0.9767441860465116,gag
1435,1.0,gag
1436,1.0,gag
1437,1.0,gag
1438,0.9777777777777777,gag
1439,1.0,gag
1440,0.9777777777777777,gag
1441,1.0,gag
1442,1.0,gag
1443,1.0,gag
1444,1.0,gag
1445,1.0,gag
1446,1.0,gag
1447,1.0,gag
1448,1.0,gag
1449,0.9318181818181818,gag
1450,0.9777777777777777,gag
1451,0.9772727272727273,gag
1452,1.0,gag
1453,0.9555555555555556,gag
1454,0.7906976744186046,gag
1455,0.9090909090909091,gag
1456,1.0,gag
1457,1.0,gag
1458,0.9555555555555556,gag
1459,1.0,gag
1460,0.9777777777777777,gag
1461,0.8604651162790697,gag
1462,1.0,gag
1463,1.0,gag
1464,0.9767441860465116,gag
1465,1.0,gag
1466,1.0,gag
1467,0.9302325581395349,gag
1468,0.8409090909090909,gag
1469,1.0,gag
1470,0.8974358974358975,gag
1471,1.0,gag
1472,1.0,gag
1473,0.9772727272727273,gag
1474,1.0,gag
1475,1.0,gag
1476,0.75,gag
1477,1.0,gag
1478,1.0,gag
1479,0.8888888888888888,gag
1480,1.0,gag
1481,1.0,gag
1482,0.6666666666666666,gag
1483,1.0,gag
1484,1.0,gag
1485,0.9047619047619048,gag
1486,1.0,gag
1487,1.0,gag
1488,0.9333333333333333,gag
1489,1.0,gag
1490,1.0,gag
1491,1.0,gag
1492,1.0,gag
1493,0.9777777777777777,gag
1494,0.7142857142857143,gag
1495,0.8222222222222222,gag
1496,0.8888888888888888,gag
1497,0.9772727272727273,gag
1498,1.0,gag
1499,1.0,gag
1500,1.0,gag
1501,1.0,gag
1502,1.0,gag
1503,1.0,gag
1504,0.9777777777777777,intergenic / approximate map
1505,0.9555555555555556,intergenic / approximate map
1506,0.9111111111111111,intergenic / approximate map
1507,1.0,intergenic / approximate map
1508,1.0,intergenic / approximate map
1509,0.825,intergenic / approximate map
1510,1.0,intergenic / approximate map
1511,1.0,intergenic / approximate map
1512,0.8636363636363636,intergenic / approximate map
1513,1.0,intergenic / approximate map
1514,1.0,intergenic / approximate map
1515,1.0,intergenic / approximate map
1516,1.0,intergenic / approximate map
1517,1.0,intergenic / approximate map
1518,1.0,intergenic / approximate map
1519,1.0,intergenic / approximate map
1520,1.0,intergenic / approximate map
1521,0.9777777777777777,intergenic / approximate map
1522,0.9777777777777777,intergenic / approximate map
1523,1.0,intergenic / approximate map
1524,0.9777777777777777,intergenic / approximate map
1525,1.0,intergenic / approximate map
1526,0.9777777777777777,intergenic / approximate map
1527,0.9777777777777777,intergenic / approximate map
1528,0.9777777777777777,intergenic / approximate map
1529,1.0,intergenic / approximate map
1530,0.9777777777777777,intergenic / approximate map
1531,1.0,intergenic / approximate map
1532,1.0,intergenic / approximate map
1533,1.0,intergenic / approximate map
1534,1.0,intergenic / approximate map
1535,1.0,intergenic / approximate map
1536,0.8837209302325582,intergenic / approximate map
1537,1.0,intergenic / approximate map
1538,1.0,intergenic / approximate map
1539,1.0,intergenic / approximate map
1540,1.0,intergenic / approximate map
1541,1.0,intergenic / approximate map
1542,0.926829268292683,intergenic / approximate map
1543,1.0,intergenic / approximate map
1544,1.0,intergenic / approximate map
1545,1.0,intergenic / approximate map
1546,1.0,intergenic / approximate map
1547,1.0,intergenic / approximate map
1548,0.8863636363636364,intergenic / approximate map
1549,1.0,intergenic / approximate map
1550,1.0,intergenic / approximate map
1551,0.9318181818181818,intergenic / approximate map
1552,1.0,intergenic / approximate map
1553,1.0,intergenic / approximate map
1554,0.7906976744186046,intergenic / approximate map
1555,1.0,intergenic / approximate map
1556,1.0,intergenic / approximate map
1557,1.0,intergenic / approximate map
1558,1.0,intergenic / approximate map
1559,1.0,intergenic / approximate map
1560,1.0,intergenic / approximate map
1561,0.9777777777777777,intergenic / approximate map
1562,1.0,intergenic / approximate map
1563,0.9777777777777777,intergenic / approximate map
1564,1.0,intergenic / approximate map
1565,1.0,intergenic / approximate map
1566,1.0,intergenic / approximate map
1567,1.0,intergenic / approximate map
1568,1.0,intergenic / approximate map
1569,0.9555555555555556,intergenic / approximate map
1570,0.8863636363636364,intergenic / approximate map
1571,1.0,intergenic / approximate map
1572,0.9777777777777777,intergenic / approximate map
1573,1.0,intergenic / approximate map
1574,1.0,intergenic / approximate map
1575,1.0,intergenic / approximate map
1576,1.0,intergenic / approximate map
1577,1.0,intergenic / approximate map
1578,0.875,intergenic / approximate map
1579,1.0,intergenic / approximate map
1580,1.0,intergenic / approximate map
1581,0.75,intergenic / approximate map
1582,0.9090909090909091,intergenic / approximate map
1583,1.0,intergenic / approximate map
1584,0.813953488372093,intergenic / approximate map
1585,1.0,intergenic / approximate map
1586,1.0,intergenic / approximate map
1587,0.5121951219512195,intergenic / approximate map
1588,1.0,intergenic / approximate map
1589,0.8888888888888888,intergenic / approximate map
1590,0.9523809523809523,intergenic / approximate map
1591,1.0,intergenic / approximate map
1592,1.0,intergenic / approximate map
1593,0.8888888888888888,intergenic / approximate map
1594,1.0,intergenic / approximate map
1595,1.0,intergenic / approximate map
1596,0.9772727272727273,intergenic / approximate map
1597,1.0,intergenic / approximate map
1598,1.0,intergenic / approximate map
1599,0.9333333333333333,intergenic / approximate map
1600,0.8292682926829268,intergenic / approximate map
1601,0.6976744186046512,intergenic / approximate map
1602,0.9767441860465116,intergenic / approximate map
1603,1.0,intergenic / approximate map
1604,0.9555555555555556,intergenic / approximate map
1605,0.9767441860465116,intergenic / approximate map
1606,0.9777777777777777,intergenic / approximate map
1607,0.7045454545454546,intergenic / approximate map
1608,0.9772727272727273,intergenic / approximate map
1609,1.0,intergenic / approximate map
1610,1.0,intergenic / approximate map
1611,1.0,intergenic / approximate map
1612,1.0,intergenic / approximate map
1613,1.0,intergenic / approximate map
1614,0.925,intergenic / approximate map
1615,1.0,intergenic / approximate map
1616,0.9333333333333333,intergenic / approximate map
1617,0.9534883720930233,intergenic / approximate map
1618,1.0,intergenic / approximate map
1619,1.0,intergenic / approximate map
1620,0.9777777777777777,intergenic / approximate map
1621,1.0,intergenic / approximate map
1622,1.0,intergenic / approximate map
1623,1.0,intergenic / approximate map
1624,1.0,intergenic / approximate map
1625,1.0,intergenic / approximate map
1626,1.0,intergenic / approximate map
1627,1.0,intergenic / approximate map
1628,1.0,intergenic / approximate map
1629,1.0,pol
1630,1.0,pol
1631,1.0,pol
1632,0.9777777777777777,pol
1633,0.9555555555555556,pol
1634,1.0,pol
1635,0.9777777777777777,pol
1636,1.0,pol
1637,0.9772727272727273,pol
1638,0.9555555555555556,pol
1639,1.0,pol
1640,1.0,pol
1641,0.8809523809523809,pol
1642,1.0,pol
1643,1.0,pol
1644,0.8863636363636364,pol
1645,1.0,pol
1646,1.0,pol
1647,0.9534883720930233,pol
1648,1.0,pol
1649,0.9318181818181818,pol
1650,0.8604651162790697,pol
1651,0.6829268292682927,pol
1652,0.8888888888888888,pol
1653,0.8095238095238095,pol
1654,1.0,pol
1655,1.0,pol
1656,0.9302325581395349,pol
1657,1.0,pol
1658,0.9333333333333333,pol
1659,0.9777777777777777,pol
1660,1.0,pol
1661,1.0,pol
1662,0.9777777777777777,pol
1663,1.0,pol
1664,1.0,pol
1665,0.813953488372093,pol
1666,1.0,pol
1667,1.0,pol
1668,1.0,pol
1669,0.9545454545454546,pol
1670,1.0,pol
1671,0.926829268292683,pol
1672,1.0,pol
1673,1.0,pol
1674,0.9777777777777777,pol
1675,0.9777777777777777,pol
1676,1.0,pol
1677,0.8095238095238095,pol
1678,1.0,pol
1679,0.8,pol
1680,0.8888888888888888,pol
1681,1.0,pol
1682,1.0,pol
1683,0.9761904761904762,pol
1684,1.0,pol
1685,0.9777777777777777,pol
1686,0.7777777777777778,pol
1687,1.0,pol
1688,1.0,pol
1689,0.8571428571428571,pol
1690,1.0,pol
1691,1.0,pol
1692,0.9534883720930233,pol
1693,0.6046511627906976,pol
1694,0.9318181818181818,pol
1695,0.9772727272727273,pol
1696,0.9555555555555556,pol
1697,1.0,pol
1698,0.8181818181818182,pol
1699,0.6666666666666666,pol
1700,0.9545454545454546,pol
1701,0.9302325581395349,pol
1702,0.8333333333333334,pol
1703,1.0,pol
1704,0.8666666666666667,pol
1705,0.8863636363636364,pol
1706,0.7,pol
1707,0.8837209302325582,pol
1708,1.0,pol
1709,0.9777777777777777,pol
1710,1.0,pol
1711,1.0,pol
1712,1.0,pol
1713,1.0,pol
1714,1.0,pol
1715,1.0,pol
1716,0.9534883720930233,pol
1717,1.0,pol
1718,1.0,pol
1719,0.9777777777777777,pol
1720,1.0,pol
1721,1.0,pol
1722,0.9111111111111111,pol
1723,0.9777777777777777,pol
1724,1.0,pol
1725,0.9285714285714286,pol
1726,0.5116279069767442,pol
1727,1.0,pol
1728,1.0,pol
1729,1.0,pol
1730,1.0,pol
1731,0.6153846153846154,pol
1732,1.0,pol
1733,1.0,pol
1734,0.9534883720930233,pol
1735,0.9318181818181818,pol
1736,1.0,pol
1737,0.9024390243902439,pol
1738,1.0,pol
1739,1.0,pol
1740,1.0,pol
1741,1.0,pol
1742,1.0,pol
1743,0.9333333333333333,pol
1744,0.9555555555555556,pol
1745,1.0,pol
1746,0.9285714285714286,pol
1747,0.8636363636363636,pol
1748,1.0,pol
1749,0.9333333333333333,pol
1750,1.0,pol
1751,1.0,pol
1752,0.9534883720930233,pol
1753,0.9523809523809523,pol
1754,1.0,pol
1755,0.8604651162790697,pol
1756,1.0,pol
1757,1.0,pol
1758,0.6666666666666666,pol
1759,1.0,pol
1760,1.0,pol
1761,0.9545454545454546,pol
1762,1.0,pol
1763,1.0,pol
1764,1.0,pol
1765,1.0,pol
1766,1.0,pol
1767,0.9545454545454546,pol
1768,0.8863636363636364,pol
1769,0.7727272727272727,pol
1770,1.0,pol
1771,0.9777777777777777,pol
1772,0.9777777777777777,pol
1773,0.9777777777777777,pol
1774,1.0,pol
1775,0.9333333333333333,pol
1776,1.0,pol
1777,1.0,pol
1778,1.0,pol
1779,0.8421052631578947,pol
1780,0.9333333333333333,pol
1781,1.0,pol
1782,1.0,pol
1783,1.0,pol
1784,1.0,pol
1785,0.9777777777777777,pol
1786,1.0,pol
1787,1.0,pol
1788,1.0,pol
1789,1.0,pol
1790,1.0,pol
1791,0.9302325581395349,pol
1792,1.0,pol
1793,1.0,pol
1794,0.9555555555555556,pol
1795,1.0,pol
1796,1.0,pol
1797,0.9534883720930233,pol
1798,1.0,pol
1799,1.0,pol
1800,1.0,pol
1801,1.0,pol
1802,0.9555555555555556,pol
1803,0.9777777777777777,pol
1804,0.9069767441860465,pol
1805,1.0,pol
1806,0.9761904761904762,pol
1807,1.0,pol
1808,1.0,pol
1809,0.9767441860465116,pol
1810,1.0,pol
1811,1.0,pol
1812,0.9090909090909091,pol
1813,1.0,pol
1814,1.0,pol
1815,0.9777777777777777,pol
1816,1.0,pol
1817,1.0,pol
1818,0.9545454545454546,pol
1819,1.0,pol
1820,1.0,pol
1821,1.0,pol
1822,1.0,pol
1823,0.9555555555555556,pol
1824,0.9302325581395349,pol
1825,1.0,pol
1826,1.0,pol
1827,1.0,pol
1828,1.0,pol
1829,1.0,pol
1830,0.925,pol
1831,1.0,pol
1832,0.9555555555555556,pol
1833,0.8809523809523809,pol
1834,1.0,pol
1835,1.0,pol
1836,1.0,pol
1837,1.0,pol
1838,1.0,pol
1839,0.9777777777777777,pol
1840,1.0,pol
1841,1.0,pol
1842,1.0,pol
1843,0.9555555555555556,pol
1844,0.9555555555555556,pol
1845,0.8717948717948718,pol
1846,0.7441860465116279,pol
1847,1.0,pol
1848,1.0,pol
1849,1.0,pol
1850,1.0,pol
1851,0.6,pol
1852,1.0,pol
1853,0.9777777777777777,pol
1854,0.5789473684210527,pol
1855,1.0,pol
1856,1.0,pol
1857,0.7727272727272727,pol
1858,1.0,pol
1859,1.0,pol
1860,0.9333333333333333,pol
1861,1.0,pol
1862,1.0,pol
1863,1.0,pol
1864,1.0,pol
1865,1.0,pol
1866,0.8888888888888888,pol
1867,0.8444444444444444,pol
1868,1.0,pol
1869,0.5365853658536586,pol
1870,0.9111111111111111,pol
1871,1.0,pol
1872,0.9090909090909091,pol
1873,1.0,pol
1874,1.0,pol
1875,0.9777777777777777,pol
1876,0.8888888888888888,pol
1877,0.9285714285714286,pol
1878,0.5365853658536586,pol
1879,1.0,pol
1880,1.0,pol
1881,1.0,pol
1882,1.0,pol
1883,1.0,pol
1884,0.7727272727272727,pol
1885,1.0,pol
1886,0.7619047619047619,pol
1887,0.717948717948718,pol
1888,0.6136363636363636,pol
1889,1.0,pol
1890,0.9523809523809523,pol
1891,1.0,pol
1892,1.0,pol
1893,0.9318181818181818,pol
1894,0.8837209302325582,pol
1895,1.0,pol
1896,0.8809523809523809,pol
1897,0.9523809523809523,pol
1898,1.0,pol
1899,1.0,pol
1900,1.0,pol
1901,1.0,pol
1902,1.0,pol
1903,1.0,pol
1904,1.0,pol
1905,1.0,pol
1906,1.0,pol
1907,1.0,pol
1908,0.9767441860465116,pol
1909,0.9767441860465116,pol
1910,1.0,pol
1911,1.0,pol
1912,1.0,pol
1913,1.0,pol
1914,0.8,pol
1915,1.0,pol
1916,1.0,pol
1917,0.926829268292683,pol
1918,1.0,pol
1919,1.0,pol
1920,0.9767441860465116,pol
1921,1.0,pol
1922,1.0,pol
1923,1.0,pol
1924,1.0,pol
1925,1.0,pol
1926,0.9767441860465116,pol
1927,1.0,pol
1928,1.0,pol
1929,0.9767441860465116,pol
1930,1.0,pol
1931,1.0,pol
1932,1.0,pol
1933,1.0,pol
1934,1.0,pol
1935,1.0,pol
1936,1.0,pol
1937,1.0,pol
1938,1.0,pol
1939,1.0,pol
1940,1.0,pol
1941,0.926829268292683,pol
1942,1.0,pol
1943,1.0,pol
1944,0.6046511627906976,pol
1945,1.0,pol
1946,1.0,pol
1947,1.0,pol
1948,1.0,pol
1949,1.0,pol
1950,0.975609756097561,pol
1951,1.0,pol
1952,1.0,pol
1953,0.8571428571428571,pol
1954,1.0,pol
1955,1.0,pol
1956,0.926829268292683,pol
1957,0.9767441860465116,pol
1958,0.5853658536585366,pol
1959,0.813953488372093,pol
1960,1.0,pol
1961,1.0,pol
1962,0.975609756097561,pol
1963,1.0,pol
1964,1.0,pol
1965,0.7209302325581395,pol
1966,1.0,pol
1967,1.0,pol
1968,0.9230769230769231,pol
1969,1.0,pol
1970,0.975609756097561,pol
1971,0.9767441860465116,pol
1972,0.9761904761904762,pol
1973,1.0,pol
1974,0.8095238095238095,pol
1975,1.0,pol
1976,1.0,pol
1977,1.0,pol
